{
  "formatVersion": 1,
  "database": {
    "version": 6,
    "identityHash": "b6d60ece122d5b57931138d896a2e4a4",
    "entities": [
      {
        "tableName": "clients",
        "createSql": "CREATE TABLE IF NOT EXISTS `${TABLE_NAME}` (`id` TEXT NOT NULL, `name` TEXT NOT NULL, `phone` TEXT, `notes` TEXT, `isCorporate` INTEGER NOT NULL, `isArchived` INTEGER NOT NULL, `archivedAtEpoch` INTEGER, PRIMARY KEY(`id`))",
        "fields": [
          {
            "fieldPath": "id",
            "columnName": "id",
            "affinity": "TEXT",
            "notNull": true
          },
          {
            "fieldPath": "name",
            "columnName": "name",
            "affinity": "TEXT",
            "notNull": true
          },
          {
            "fieldPath": "phone",
            "columnName": "phone",
            "affinity": "TEXT",
            "notNull": false
          },
          {
            "fieldPath": "notes",
            "columnName": "notes",
            "affinity": "TEXT",
            "notNull": false
          },
          {
            "fieldPath": "isCorporate",
            "columnName": "isCorporate",
            "affinity": "INTEGER",
            "notNull": true
          },
          {
            "fieldPath": "isArchived",
            "columnName": "isArchived",
            "affinity": "INTEGER",
            "notNull": true
          },
          {
            "fieldPath": "archivedAtEpoch",
            "columnName": "archivedAtEpoch",
            "affinity": "INTEGER",
            "notNull": false
          }
        ],
        "primaryKey": {
          "autoGenerate": false,
          "columnNames": [
            "id"
          ]
        },
        "indices": [],
        "foreignKeys": []
      },
      {
        "tableName": "sites",
        "createSql": "CREATE TABLE IF NOT EXISTS `${TABLE_NAME}` (`id` TEXT NOT NULL, `clientId` TEXT NOT NULL, `name` TEXT NOT NULL, `address` TEXT, `orderIndex` INTEGER NOT NULL, PRIMARY KEY(`id`))",
        "fields": [
          {
            "fieldPath": "id",
            "columnName": "id",
            "affinity": "TEXT",
            "notNull": true
          },
          {
            "fieldPath": "clientId",
            "columnName": "clientId",
            "affinity": "TEXT",
            "notNull": true
          },
          {
            "fieldPath": "name",
            "columnName": "name",
            "affinity": "TEXT",
            "notNull": true
          },
          {
            "fieldPath": "address",
            "columnName": "address",
            "affinity": "TEXT",
            "notNull": false
          },
          {
            "fieldPath": "orderIndex",
            "columnName": "orderIndex",
            "affinity": "INTEGER",
            "notNull": true
          }
        ],
        "primaryKey": {
          "autoGenerate": false,
          "columnNames": [
            "id"
          ]
        },
        "indices": [],
        "foreignKeys": []
      },
      {
        "tableName": "installations",
        "createSql": "CREATE TABLE IF NOT EXISTS `${TABLE_NAME}` (`id` TEXT NOT NULL, `siteId` TEXT NOT NULL, `name` TEXT NOT NULL, `orderIndex` INTEGER NOT NULL, PRIMARY KEY(`id`))",
        "fields": [
          {
            "fieldPath": "id",
            "columnName": "id",
            "affinity": "TEXT",
            "notNull": true
          },
          {
            "fieldPath": "siteId",
            "columnName": "siteId",
            "affinity": "TEXT",
            "notNull": true
          },
          {
            "fieldPath": "name",
            "columnName": "name",
            "affinity": "TEXT",
            "notNull": true
          },
          {
            "fieldPath": "orderIndex",
            "columnName": "orderIndex",
            "affinity": "INTEGER",
            "notNull": true
          }
        ],
        "primaryKey": {
          "autoGenerate": false,
          "columnNames": [
            "id"
          ]
        },
        "indices": [],
        "foreignKeys": []
      },
      {
        "tableName": "components",
        "createSql": "CREATE TABLE IF NOT EXISTS `${TABLE_NAME}` (`id` TEXT NOT NULL, `installationId` TEXT NOT NULL, `name` TEXT NOT NULL, `type` TEXT NOT NULL, `orderIndex` INTEGER NOT NULL, `templateId` TEXT, `paramsJson` TEXT, `nameOverride` TEXT, PRIMARY KEY(`id`))",
        "fields": [
          {
            "fieldPath": "id",
            "columnName": "id",
            "affinity": "TEXT",
            "notNull": true
          },
          {
            "fieldPath": "installationId",
            "columnName": "installationId",
            "affinity": "TEXT",
            "notNull": true
          },
          {
            "fieldPath": "name",
            "columnName": "name",
            "affinity": "TEXT",
            "notNull": true
          },
          {
            "fieldPath": "type",
            "columnName": "type",
            "affinity": "TEXT",
            "notNull": true
          },
          {
            "fieldPath": "orderIndex",
            "columnName": "orderIndex",
            "affinity": "INTEGER",
            "notNull": true
          },
          {
            "fieldPath": "templateId",
            "columnName": "templateId",
            "affinity": "TEXT",
            "notNull": false
          },
          {
            "fieldPath": "paramsJson",
            "columnName": "paramsJson",
            "affinity": "TEXT",
            "notNull": false
          },
          {
            "fieldPath": "nameOverride",
            "columnName": "nameOverride",
            "affinity": "TEXT",
            "notNull": false
          }
        ],
        "primaryKey": {
          "autoGenerate": false,
          "columnNames": [
            "id"
          ]
        },
        "indices": [],
        "foreignKeys": []
      },
      {
        "tableName": "checklist_templates",
        "createSql": "CREATE TABLE IF NOT EXISTS `${TABLE_NAME}` (`id` TEXT NOT NULL, `title` TEXT NOT NULL, `componentType` TEXT NOT NULL, `componentTemplateId` TEXT, PRIMARY KEY(`id`))",
        "fields": [
          {
            "fieldPath": "id",
            "columnName": "id",
            "affinity": "TEXT",
            "notNull": true
          },
          {
            "fieldPath": "title",
            "columnName": "title",
            "affinity": "TEXT",
            "notNull": true
          },
          {
            "fieldPath": "componentType",
            "columnName": "componentType",
            "affinity": "TEXT",
            "notNull": true
          },
          {
            "fieldPath": "componentTemplateId",
            "columnName": "componentTemplateId",
            "affinity": "TEXT",
            "notNull": false
          }
        ],
        "primaryKey": {
          "autoGenerate": false,
          "columnNames": [
            "id"
          ]
        },
        "indices": [],
        "foreignKeys": []
      },
      {
        "tableName": "checklist_fields",
        "createSql": "CREATE TABLE IF NOT EXISTS `${TABLE_NAME}` (`id` TEXT NOT NULL, `templateId` TEXT NOT NULL, `key` TEXT NOT NULL, `label` TEXT NOT NULL, `type` TEXT NOT NULL, `unit` TEXT, `min` REAL, `max` REAL, PRIMARY KEY(`id`))",
        "fields": [
          {
            "fieldPath": "id",
            "columnName": "id",
            "affinity": "TEXT",
            "notNull": true
          },
          {
            "fieldPath": "templateId",
            "columnName": "templateId",
            "affinity": "TEXT",
            "notNull": true
          },
          {
            "fieldPath": "key",
            "columnName": "key",
            "affinity": "TEXT",
            "notNull": true
          },
          {
            "fieldPath": "label",
            "columnName": "label",
            "affinity": "TEXT",
            "notNull": true
          },
          {
            "fieldPath": "type",
            "columnName": "type",
            "affinity": "TEXT",
            "notNull": true
          },
          {
            "fieldPath": "unit",
            "columnName": "unit",
            "affinity": "TEXT",
            "notNull": false
          },
          {
            "fieldPath": "min",
            "columnName": "min",
            "affinity": "REAL",
            "notNull": false
          },
          {
            "fieldPath": "max",
            "columnName": "max",
            "affinity": "REAL",
            "notNull": false
          }
        ],
        "primaryKey": {
          "autoGenerate": false,
          "columnNames": [
            "id"
          ]
        },
        "indices": [],
        "foreignKeys": []
      },
      {
        "tableName": "maintenance_sessions",
        "createSql": "CREATE TABLE IF NOT EXISTS `${TABLE_NAME}` (`id` TEXT NOT NULL, `siteId` TEXT NOT NULL, `installationId` TEXT, `startedAtEpoch` INTEGER NOT NULL, `finishedAtEpoch` INTEGER, `technician` TEXT, `notes` TEXT, `synced` INTEGER NOT NULL, PRIMARY KEY(`id`))",
        "fields": [
          {
            "fieldPath": "id",
            "columnName": "id",
            "affinity": "TEXT",
            "notNull": true
          },
          {
            "fieldPath": "siteId",
            "columnName": "siteId",
            "affinity": "TEXT",
            "notNull": true
          },
          {
            "fieldPath": "installationId",
            "columnName": "installationId",
            "affinity": "TEXT",
            "notNull": false
          },
          {
            "fieldPath": "startedAtEpoch",
            "columnName": "startedAtEpoch",
            "affinity": "INTEGER",
            "notNull": true
          },
          {
            "fieldPath": "finishedAtEpoch",
            "columnName": "finishedAtEpoch",
            "affinity": "INTEGER",
            "notNull": false
          },
          {
            "fieldPath": "technician",
            "columnName": "technician",
            "affinity": "TEXT",
            "notNull": false
          },
          {
            "fieldPath": "notes",
            "columnName": "notes",
            "affinity": "TEXT",
            "notNull": false
          },
          {
            "fieldPath": "synced",
            "columnName": "synced",
            "affinity": "INTEGER",
            "notNull": true
          }
        ],
        "primaryKey": {
          "autoGenerate": false,
          "columnNames": [
            "id"
          ]
        },
        "indices": [],
        "foreignKeys": []
      },
      {
        "tableName": "observations",
        "createSql": "CREATE TABLE IF NOT EXISTS `${TABLE_NAME}` (`id` TEXT NOT NULL, `sessionId` TEXT NOT NULL, `componentId` TEXT NOT NULL, `fieldKey` TEXT NOT NULL, `valueBool` INTEGER, `valueNumber` REAL, `valueText` TEXT, PRIMARY KEY(`id`))",
        "fields": [
          {
            "fieldPath": "id",
            "columnName": "id",
            "affinity": "TEXT",
            "notNull": true
          },
          {
            "fieldPath": "sessionId",
            "columnName": "sessionId",
            "affinity": "TEXT",
            "notNull": true
          },
          {
            "fieldPath": "componentId",
            "columnName": "componentId",
            "affinity": "TEXT",
            "notNull": true
          },
          {
            "fieldPath": "fieldKey",
            "columnName": "fieldKey",
            "affinity": "TEXT",
            "notNull": true
          },
          {
            "fieldPath": "valueBool",
            "columnName": "valueBool",
            "affinity": "INTEGER",
            "notNull": false
          },
          {
            "fieldPath": "valueNumber",
            "columnName": "valueNumber",
            "affinity": "REAL",
            "notNull": false
          },
          {
            "fieldPath": "valueText",
            "columnName": "valueText",
            "affinity": "TEXT",
            "notNull": false
          }
        ],
        "primaryKey": {
          "autoGenerate": false,
          "columnNames": [
            "id"
          ]
        },
        "indices": [],
        "foreignKeys": []
      },
      {
        "tableName": "issues",
        "createSql": "CREATE TABLE IF NOT EXISTS `${TABLE_NAME}` (`id` TEXT NOT NULL, `sessionId` TEXT NOT NULL, `componentId` TEXT, `description` TEXT NOT NULL, `severity` TEXT NOT NULL, PRIMARY KEY(`id`))",
        "fields": [
          {
            "fieldPath": "id",
            "columnName": "id",
            "affinity": "TEXT",
            "notNull": true
          },
          {
            "fieldPath": "sessionId",
            "columnName": "sessionId",
            "affinity": "TEXT",
            "notNull": true
          },
          {
            "fieldPath": "componentId",
            "columnName": "componentId",
            "affinity": "TEXT",
            "notNull": false
          },
          {
            "fieldPath": "description",
            "columnName": "description",
            "affinity": "TEXT",
            "notNull": true
          },
          {
            "fieldPath": "severity",
            "columnName": "severity",
            "affinity": "TEXT",
            "notNull": true
          }
        ],
        "primaryKey": {
          "autoGenerate": false,
          "columnNames": [
            "id"
          ]
        },
        "indices": [],
        "foreignKeys": []
      },
      {
        "tableName": "component_templates",
        "createSql": "CREATE TABLE IF NOT EXISTS `${TABLE_NAME}` (`id` TEXT NOT NULL, `name` TEXT NOT NULL, `category` TEXT, `isArchived` INTEGER NOT NULL, `sortOrder` INTEGER NOT NULL, `defaultParamsJson` TEXT, `createdAtEpoch` INTEGER NOT NULL, `updatedAtEpoch` INTEGER NOT NULL, PRIMARY KEY(`id`))",
        "fields": [
          {
            "fieldPath": "id",
            "columnName": "id",
            "affinity": "TEXT",
            "notNull": true
          },
          {
            "fieldPath": "name",
            "columnName": "name",
            "affinity": "TEXT",
            "notNull": true
          },
          {
            "fieldPath": "category",
            "columnName": "category",
            "affinity": "TEXT",
            "notNull": false
          },
          {
            "fieldPath": "isArchived",
            "columnName": "isArchived",
            "affinity": "INTEGER",
            "notNull": true
          },
          {
            "fieldPath": "sortOrder",
            "columnName": "sortOrder",
            "affinity": "INTEGER",
            "notNull": true
          },
          {
            "fieldPath": "defaultParamsJson",
            "columnName": "defaultParamsJson",
            "affinity": "TEXT",
            "notNull": false
          },
          {
            "fieldPath": "createdAtEpoch",
            "columnName": "createdAtEpoch",
            "affinity": "INTEGER",
            "notNull": true
          },
          {
            "fieldPath": "updatedAtEpoch",
            "columnName": "updatedAtEpoch",
            "affinity": "INTEGER",
            "notNull": true
          }
        ],
        "primaryKey": {
          "autoGenerate": false,
          "columnNames": [
            "id"
          ]
        },
        "indices": [],
        "foreignKeys": []
      }
    ],
    "views": [],
    "setupQueries": [
      "CREATE TABLE IF NOT EXISTS room_master_table (id INTEGER PRIMARY KEY,identity_hash TEXT)",
      "INSERT OR REPLACE INTO room_master_table (id,identity_hash) VALUES(42, 'b6d60ece122d5b57931138d896a2e4a4')"
    ]
  }
}